begin_date,end_date,duration,avg_tmax,std_tmax,max_tmax,avg_heat_index,year
02/05/2025,06/05/2025,5,38.0,2.3,40.0,95.8,2025
20/05/2025,24/05/2025,5,39.1,1.9,41.9,99.1,2025
24/06/2025,30/06/2025,7,44.5,1.9,48.5,106.5,2025
09/07/2025,11/07/2025,3,43.6,0.7,44.4,122.3,2025
14/08/2025,17/08/2025,4,47.4,2.2,50.5,117.1,2025
04/05/2026,07/05/2026,4,38.0,2.0,39.6,96.1,2026
17/05/2026,23/05/2026,7,37.1,1.5,39.4,95.3,2026
25/05/2026,29/05/2026,5,39.6,1.4,40.7,100.2,2026
02/06/2026,04/06/2026,3,44.6,0.9,45.6,107.9,2026
15/06/2026,19/06/2026,5,43.7,0.2,43.9,106.2,2026
25/06/2026,27/06/2026,3,45.3,1.6,46.7,112.8,2026
03/07/2026,05/07/2026,3,44.9,0.8,45.5,116.7,2026
08/07/2026,10/07/2026,3,45.8,1.7,47.7,116.8,2026
08/08/2026,12/08/2026,5,45.4,1.2,46.7,125.0,2026
18/08/2026,20/08/2026,3,45.4,1.5,47.1,126.9,2026
16/09/2026,03/10/2026,18,39.4,2.8,45.8,105.1,2026
22/10/2026,26/10/2026,5,36.3,0.8,37.5,94.1,2026
03/05/2027,07/05/2027,5,36.0,0.7,37.0,92.6,2027
09/05/2027,20/05/2027,12,40.9,4.2,48.8,100.5,2027
06/06/2027,09/06/2027,4,44.2,0.6,44.7,108.9,2027
12/06/2027,14/06/2027,3,45.3,1.8,46.9,112.9,2027
28/06/2027,01/07/2027,4,44.7,1.3,46.3,111.1,2027
13/07/2027,19/07/2027,7,46.2,2.1,49.2,124.4,2027
06/10/2027,08/10/2027,3,37.7,2.3,40.4,98.4,2027
01/05/2028,03/05/2028,3,39.8,3.2,43.3,99.2,2028
23/05/2028,26/05/2028,4,40.4,1.5,42.4,99.6,2028
03/07/2028,07/07/2028,5,44.9,1.0,46.1,116.0,2028
19/07/2028,24/07/2028,6,44.0,0.9,45.9,134.0,2028
05/08/2028,12/08/2028,8,46.1,2.1,50.0,119.7,2028
14/10/2028,27/10/2028,14,38.6,3.5,48.4,102.3,2028
09/04/2029,12/04/2029,4,38.8,2.7,42.2,96.7,2029
30/04/2029,06/05/2029,7,38.9,2.7,42.5,98.6,2029
09/05/2029,13/05/2029,5,38.0,1.6,40.2,95.5,2029
15/05/2029,17/05/2029,3,36.4,1.1,37.3,94.1,2029
19/05/2029,21/05/2029,3,41.2,3.6,45.2,105.6,2029
08/06/2029,11/06/2029,4,45.3,1.4,47.4,113.1,2029
07/07/2029,11/07/2029,5,45.7,1.2,47.5,116.0,2029
19/07/2029,22/07/2029,4,44.6,1.1,46.2,120.8,2029
31/07/2029,04/08/2029,5,45.3,0.7,46.1,116.7,2029
26/09/2029,30/09/2029,5,40.0,1.4,42.2,104.8,2029
21/10/2029,26/10/2029,6,37.1,1.7,40.0,96.6,2029
01/05/2030,03/05/2030,3,43.3,3.3,47.0,105.1,2030
17/05/2030,19/05/2030,3,37.4,1.0,38.4,96.8,2030
21/05/2030,23/05/2030,3,36.8,1.9,38.8,94.1,2030
28/05/2030,30/05/2030,3,38.0,2.4,39.9,96.5,2030
29/06/2030,01/07/2030,3,44.0,1.7,45.9,109.6,2030
28/07/2030,30/07/2030,3,45.8,1.6,47.0,126.6,2030
01/08/2030,03/08/2030,3,45.1,1.2,46.0,129.0,2030
14/08/2030,18/08/2030,5,43.9,2.0,47.3,122.9,2030
27/08/2030,31/08/2030,5,44.6,0.8,45.5,128.7,2030
16/09/2030,03/10/2030,18,39.9,2.4,45.7,108.4,2030
22/10/2030,28/10/2030,7,36.7,0.8,38.3,95.4,2030
16/03/2031,18/03/2031,3,42.1,5.1,45.2,102.7,2031
01/05/2031,05/05/2031,5,39.3,2.2,42.4,98.1,2031
09/05/2031,16/05/2031,8,38.5,2.0,41.5,97.6,2031
18/05/2031,22/05/2031,5,38.4,3.0,41.9,97.3,2031
27/06/2031,29/06/2031,3,46.4,1.3,47.3,118.3,2031
01/07/2031,03/07/2031,3,46.4,1.0,47.0,110.8,2031
30/07/2031,07/08/2031,9,47.6,2.4,50.4,128.4,2031
28/08/2031,31/08/2031,4,46.6,1.7,48.2,134.3,2031
08/10/2031,18/10/2031,11,38.7,2.0,42.4,99.7,2031
01/05/2032,03/05/2032,3,36.5,2.3,39.1,93.8,2032
08/05/2032,12/05/2032,5,38.8,3.5,43.9,98.5,2032
15/05/2032,17/05/2032,3,38.7,1.3,39.6,96.9,2032
20/05/2032,25/05/2032,6,37.9,1.6,39.8,96.6,2032
05/06/2032,09/06/2032,5,44.4,0.9,45.7,109.6,2032
16/07/2032,18/07/2032,3,45.6,2.0,47.4,114.6,2032
06/08/2032,17/08/2032,12,46.2,1.8,49.8,116.8,2032
27/10/2032,31/10/2032,5,38.2,1.4,39.9,103.8,2032
04/04/2033,06/04/2033,3,36.6,1.0,37.7,94.0,2033
08/04/2033,10/04/2033,3,36.2,1.1,37.4,92.3,2033
01/05/2033,04/05/2033,4,41.1,5.0,48.5,103.9,2033
24/05/2033,26/05/2033,3,37.5,0.4,37.8,95.6,2033
29/06/2033,02/07/2033,4,45.2,0.5,46.0,114.6,2033
19/08/2033,24/08/2033,6,46.5,1.9,48.6,128.2,2033
27/03/2034,29/03/2034,3,36.6,0.7,37.3,94.6,2034
13/05/2034,18/05/2034,6,39.3,1.6,42.3,99.6,2034
21/05/2034,24/05/2034,4,39.6,3.4,42.9,98.9,2034
09/06/2034,12/06/2034,4,45.0,0.2,45.2,107.5,2034
28/06/2034,01/07/2034,4,45.0,1.3,46.7,112.4,2034
08/07/2034,11/07/2034,4,45.7,1.8,48.2,124.3,2034
16/08/2034,19/08/2034,4,46.3,0.7,47.1,135.6,2034
14/05/2035,16/05/2035,3,38.5,3.2,41.8,97.9,2035
28/05/2035,17/06/2035,21,42.4,3.6,50.2,107.0,2035
21/06/2035,23/06/2035,3,45.8,2.0,48.1,110.9,2035
30/06/2035,02/07/2035,3,45.2,0.3,45.4,120.0,2035
27/07/2035,29/07/2035,3,45.5,1.1,46.5,126.2,2035
26/08/2035,29/08/2035,4,44.8,1.0,46.2,116.0,2035
10/04/2036,14/04/2036,5,35.9,0.7,36.8,91.9,2036
01/05/2036,05/05/2036,5,38.6,2.3,41.5,97.1,2036
07/05/2036,10/05/2036,4,37.4,1.7,39.7,96.3,2036
18/05/2036,23/05/2036,6,37.9,1.9,40.9,96.7,2036
25/05/2036,27/05/2036,3,39.9,1.4,41.5,100.3,2036
10/07/2036,12/07/2036,3,44.4,0.3,44.6,120.6,2036
27/07/2036,29/07/2036,3,44.3,0.5,44.7,114.8,2036
04/06/2037,07/06/2037,4,44.5,0.8,45.7,114.5,2037
23/06/2037,25/06/2037,3,45.1,1.4,46.7,110.6,2037
30/06/2037,03/07/2037,4,45.3,0.8,46.3,121.6,2037
18/07/2037,20/07/2037,3,43.9,0.2,44.1,111.8,2037
12/09/2037,15/09/2037,4,45.6,1.5,47.6,122.1,2037
29/04/2038,02/05/2038,4,38.0,2.1,41.2,95.5,2038
04/05/2038,13/05/2038,10,38.7,2.2,43.6,97.6,2038
17/05/2038,19/05/2038,3,41.3,1.0,41.9,104.4,2038
23/05/2038,25/05/2038,3,37.7,1.5,38.6,97.0,2038
28/05/2038,30/05/2038,3,37.0,1.7,38.9,94.7,2038
19/06/2038,23/06/2038,5,45.9,2.2,48.2,115.5,2038
17/07/2038,20/07/2038,4,44.2,0.3,44.5,120.0,2038
06/08/2038,14/08/2038,9,46.2,2.3,50.7,129.2,2038
25/10/2038,31/10/2038,7,39.5,1.9,42.4,101.1,2038
03/05/2039,05/05/2039,3,37.4,1.5,39.0,95.3,2039
07/05/2039,10/05/2039,4,36.4,0.8,37.2,95.6,2039
12/05/2039,24/05/2039,13,40.4,3.2,45.5,101.4,2039
10/06/2039,12/06/2039,3,46.2,1.1,47.2,112.5,2039
10/07/2039,16/07/2039,7,45.2,0.9,46.7,118.4,2039
22/07/2039,25/07/2039,4,46.8,1.8,48.1,121.2,2039
01/09/2039,03/09/2039,3,47.1,1.9,49.1,130.7,2039
25/10/2039,29/10/2039,5,37.0,1.5,39.5,99.5,2039
02/05/2040,12/05/2040,11,39.2,3.8,49.0,98.4,2040
14/05/2040,18/05/2040,5,40.7,2.0,43.5,101.1,2040
22/06/2040,26/06/2040,5,46.9,2.2,50.4,120.6,2040
14/07/2040,17/07/2040,4,45.4,1.7,47.3,144.4,2040
09/08/2040,12/08/2040,4,46.7,2.5,49.3,129.5,2040
29/09/2040,06/10/2040,8,39.2,2.3,42.9,102.6,2040
02/05/2041,04/05/2041,3,38.7,2.7,41.5,97.9,2041
08/05/2041,15/05/2041,8,39.0,1.7,41.9,98.1,2041
22/05/2041,24/05/2041,3,37.1,1.8,39.1,94.9,2041
12/06/2041,19/06/2041,8,46.2,1.2,47.7,112.4,2041
08/07/2041,10/07/2041,3,44.9,1.0,46.1,113.0,2041
04/08/2041,06/08/2041,3,44.5,0.5,44.8,140.6,2041
10/10/2041,18/10/2041,9,37.6,1.8,41.4,100.7,2041
21/10/2041,25/10/2041,5,39.3,2.3,42.8,101.8,2041
28/10/2041,30/10/2041,3,37.4,3.0,40.8,98.0,2041
05/05/2042,08/05/2042,4,39.4,3.4,43.6,100.0,2042
18/05/2042,23/05/2042,6,39.3,1.7,41.2,98.7,2042
11/06/2042,17/06/2042,7,46.3,2.1,50.2,113.9,2042
22/06/2042,25/06/2042,4,46.1,1.4,47.4,111.9,2042
05/07/2042,07/07/2042,3,45.6,1.3,47.1,125.2,2042
08/08/2042,10/08/2042,3,45.2,0.9,46.2,125.4,2042
20/08/2042,22/08/2042,3,47.4,1.3,48.2,131.1,2042
24/08/2042,26/08/2042,3,46.3,1.3,47.4,117.8,2042
04/04/2043,06/04/2043,3,35.9,0.2,36.1,91.6,2043
04/05/2043,14/05/2043,11,38.5,2.8,41.8,98.1,2043
16/05/2043,21/05/2043,6,37.9,1.6,40.8,95.4,2043
25/05/2043,30/05/2043,6,39.7,1.8,41.9,99.9,2043
09/06/2043,11/06/2043,3,46.0,1.3,47.2,112.7,2043
14/06/2043,17/06/2043,4,46.4,1.9,49.0,115.2,2043
26/07/2043,28/07/2043,3,45.5,0.9,46.4,131.3,2043
01/08/2043,03/08/2043,3,48.1,1.2,49.4,122.9,2043
17/08/2043,20/08/2043,4,46.6,2.3,48.7,130.2,2043
29/10/2043,31/10/2043,3,35.7,0.5,36.0,93.9,2043
02/04/2044,05/04/2044,4,36.9,3.0,41.3,94.2,2044
11/04/2044,13/04/2044,3,37.4,1.0,38.3,94.9,2044
20/04/2044,22/04/2044,3,38.2,2.6,41.2,103.2,2044
02/05/2044,04/05/2044,3,39.9,1.8,41.7,100.4,2044
11/05/2044,19/05/2044,9,38.9,2.4,42.5,98.5,2044
21/05/2044,26/05/2044,6,41.6,2.2,44.5,104.5,2044
28/06/2044,01/07/2044,4,45.4,1.4,47.2,117.0,2044
04/07/2044,06/07/2044,3,45.6,2.5,48.5,121.3,2044
08/07/2044,10/07/2044,3,45.0,1.4,46.6,120.0,2044
05/08/2044,10/08/2044,6,47.1,3.1,52.3,125.5,2044
09/10/2044,11/10/2044,3,38.4,1.9,40.1,101.2,2044
19/10/2044,30/10/2044,12,38.0,1.0,40.1,97.4,2044
04/05/2045,12/05/2045,9,39.7,2.8,44.8,99.7,2045
19/05/2045,21/05/2045,3,38.4,2.0,40.4,97.4,2045
03/06/2045,06/06/2045,4,46.8,1.2,47.9,119.5,2045
12/06/2045,14/06/2045,3,45.8,0.9,46.8,109.6,2045
16/06/2045,18/06/2045,3,45.7,1.3,47.2,110.8,2045
08/07/2045,10/07/2045,3,47.6,2.5,49.1,134.1,2045
20/08/2045,22/08/2045,3,45.9,1.2,47.1,129.9,2045
24/08/2045,29/08/2045,6,47.1,1.5,49.6,129.3,2045
18/04/2046,20/04/2046,3,36.5,1.9,38.7,93.2,2046
03/05/2046,06/05/2046,4,40.1,1.7,42.1,100.3,2046
14/05/2046,29/05/2046,16,39.4,2.9,45.0,100.0,2046
04/06/2046,06/06/2046,3,44.8,0.6,45.3,111.9,2046
06/07/2046,09/07/2046,4,46.0,1.0,47.1,128.4,2046
20/07/2046,25/07/2046,6,46.1,1.0,47.7,145.6,2046
15/08/2046,17/08/2046,3,48.4,3.6,51.0,126.4,2046
03/10/2046,07/10/2046,5,36.5,0.8,37.4,99.9,2046
09/10/2046,19/10/2046,11,37.6,2.2,43.2,101.1,2046
21/10/2046,24/10/2046,4,37.2,1.8,38.9,104.3,2046
27/10/2046,31/10/2046,5,37.1,1.1,38.5,104.1,2046
27/04/2047,29/04/2047,3,39.1,3.1,42.2,99.5,2047
01/05/2047,06/05/2047,6,39.6,2.8,43.3,99.1,2047
09/05/2047,14/05/2047,6,39.6,2.7,44.6,100.4,2047
16/05/2047,26/05/2047,11,39.6,2.7,42.6,99.2,2047
01/06/2047,03/06/2047,3,46.0,0.6,46.6,113.9,2047
06/06/2047,08/06/2047,3,47.8,1.9,49.7,119.9,2047
14/06/2047,19/06/2047,6,46.1,0.9,47.4,120.8,2047
02/08/2047,04/08/2047,3,47.9,3.9,52.2,127.8,2047
20/10/2047,31/10/2047,12,38.1,3.0,44.0,101.5,2047
20/03/2048,22/03/2048,3,40.3,3.2,43.9,100.8,2048
18/04/2048,20/04/2048,3,37.3,1.7,38.5,95.8,2048
22/04/2048,24/04/2048,3,38.0,2.1,39.5,95.9,2048
03/05/2048,12/05/2048,10,40.0,2.5,43.9,100.6,2048
20/05/2048,23/05/2048,4,38.4,1.7,40.4,97.4,2048
26/05/2048,29/05/2048,4,38.9,0.9,40.2,99.1,2048
19/06/2048,21/06/2048,3,44.6,0.6,45.2,117.8,2048
09/07/2048,13/07/2048,5,45.1,0.9,46.4,116.7,2048
20/07/2048,22/07/2048,3,44.6,0.2,44.8,117.8,2048
09/08/2048,13/08/2048,5,48.3,3.7,52.8,143.9,2048
22/08/2048,25/08/2048,4,44.6,0.8,45.5,122.5,2048
05/10/2048,09/10/2048,5,37.0,1.9,40.0,105.9,2048
17/04/2049,19/04/2049,3,36.3,0.8,37.1,93.0,2049
28/04/2049,04/05/2049,7,38.3,1.6,40.3,97.0,2049
11/05/2049,14/05/2049,4,37.4,1.5,38.8,94.7,2049
22/05/2049,28/05/2049,7,37.6,2.5,41.9,96.5,2049
04/06/2049,09/06/2049,6,47.3,1.9,49.7,118.0,2049
02/08/2049,05/08/2049,4,48.4,1.4,49.7,140.6,2049
19/08/2049,21/08/2049,3,46.4,1.7,48.2,125.4,2049
29/08/2049,31/08/2049,3,45.1,0.5,45.7,126.7,2049
10/10/2049,12/10/2049,3,35.6,0.4,36.1,95.7,2049
18/10/2049,22/10/2049,5,37.6,0.9,38.9,97.4,2049
01/04/2050,05/04/2050,5,39.9,2.6,43.1,99.1,2050
03/05/2050,17/05/2050,15,39.1,2.3,42.3,98.3,2050
23/05/2050,26/05/2050,4,40.4,3.9,44.4,101.6,2050
28/05/2050,30/05/2050,3,37.4,0.8,38.2,94.7,2050
17/06/2050,21/06/2050,5,46.4,1.4,48.0,111.4,2050
09/07/2050,12/07/2050,4,45.6,0.9,46.9,137.1,2050
17/07/2050,21/07/2050,5,45.7,0.7,46.6,121.8,2050
11/08/2050,13/08/2050,3,46.8,1.1,47.8,121.4,2050
11/10/2050,15/10/2050,5,37.1,2.2,40.4,99.3,2050
24/03/2051,26/03/2051,3,39.9,2.1,42.3,101.8,2051
12/05/2051,14/05/2051,3,37.5,2.5,40.0,96.3,2051
24/05/2051,26/05/2051,3,37.6,0.4,38.1,95.7,2051
19/06/2051,21/06/2051,3,47.2,1.0,47.9,111.9,2051
10/07/2051,15/07/2051,6,46.0,1.0,48.0,116.4,2051
21/07/2051,26/07/2051,6,45.3,1.2,47.5,120.4,2051
01/08/2051,03/08/2051,3,44.9,0.6,45.6,123.5,2051
25/10/2051,28/10/2051,4,36.6,0.9,37.3,97.1,2051
07/03/2052,09/03/2052,3,38.4,4.0,42.9,102.7,2052
22/04/2052,24/04/2052,3,38.6,3.5,42.0,97.3,2052
28/04/2052,14/05/2052,17,41.2,4.0,48.1,102.6,2052
16/05/2052,24/05/2052,9,38.6,3.6,45.0,97.9,2052
14/06/2052,18/06/2052,5,47.2,1.3,48.9,114.7,2052
16/07/2052,19/07/2052,4,45.8,0.5,46.5,124.9,2052
08/08/2052,10/08/2052,3,48.4,0.6,49.0,133.7,2052
14/10/2052,17/10/2052,4,37.0,0.6,37.8,98.0,2052
19/10/2052,23/10/2052,5,37.4,1.6,39.1,103.9,2052
18/03/2053,20/03/2053,3,39.7,0.9,40.3,101.4,2053
26/03/2053,28/03/2053,3,37.7,2.5,40.2,97.1,2053
22/04/2053,25/04/2053,4,37.6,1.9,39.8,97.5,2053
06/05/2053,26/05/2053,21,39.1,2.3,42.8,98.3,2053
19/06/2053,21/06/2053,3,47.4,0.8,47.9,112.7,2053
29/07/2053,31/07/2053,3,45.7,0.5,46.2,134.8,2053
06/08/2053,09/08/2053,4,47.9,3.1,52.5,122.6,2053
19/10/2053,28/10/2053,10,37.2,1.6,41.2,103.0,2053
18/03/2054,21/03/2054,4,38.2,3.0,42.5,97.3,2054
01/05/2054,06/05/2054,6,42.4,3.3,46.5,103.5,2054
10/05/2054,15/05/2054,6,39.4,3.2,45.7,98.5,2054
03/06/2054,07/06/2054,5,45.2,0.4,45.8,118.1,2054
24/07/2054,26/07/2054,3,47.2,0.7,47.7,109.7,2054
14/08/2054,16/08/2054,3,46.4,1.3,47.7,118.5,2054
08/10/2054,16/10/2054,9,36.8,1.8,41.5,97.5,2054
20/10/2054,22/10/2054,3,36.9,2.4,39.6,102.0,2054
30/03/2055,01/04/2055,3,37.8,4.0,42.4,99.0,2055
13/04/2055,15/04/2055,3,38.6,3.9,43.0,99.9,2055
29/04/2055,16/05/2055,18,39.8,3.4,48.7,99.2,2055
22/05/2055,26/05/2055,5,39.2,2.6,42.1,99.1,2055
10/06/2055,12/06/2055,3,47.2,0.8,47.6,112.3,2055
24/06/2055,28/06/2055,5,47.8,2.7,51.9,116.0,2055
12/04/2056,15/04/2056,4,36.4,1.4,38.2,96.4,2056
09/05/2056,11/05/2056,3,37.2,1.7,39.0,96.1,2056
13/05/2056,17/05/2056,5,38.3,2.2,40.9,96.5,2056
24/05/2056,26/05/2056,3,35.5,0.3,35.7,92.2,2056
28/05/2056,30/05/2056,3,38.3,1.7,39.9,96.2,2056
08/07/2056,12/07/2056,5,46.4,1.3,48.1,117.4,2056
24/07/2056,27/07/2056,4,46.5,1.5,48.7,117.0,2056
06/09/2056,10/09/2056,5,46.6,2.1,50.2,129.2,2056
06/10/2056,10/10/2056,5,36.7,2.1,40.4,101.1,2056
13/10/2056,16/10/2056,4,37.3,1.7,39.6,102.3,2056
26/04/2057,28/04/2057,3,39.5,4.5,44.7,98.4,2057
04/05/2057,07/05/2057,4,41.6,2.3,44.1,105.1,2057
11/05/2057,14/05/2057,4,41.4,4.2,47.1,102.8,2057
17/05/2057,27/05/2057,11,38.7,2.1,42.1,97.3,2057
02/06/2057,06/06/2057,5,45.7,0.9,46.9,111.7,2057
23/07/2057,27/07/2057,5,47.1,1.5,49.3,143.1,2057
24/08/2057,26/08/2057,3,47.2,2.7,50.3,124.8,2057
21/09/2057,23/09/2057,3,46.2,0.7,46.7,127.4,2057
26/10/2057,01/11/2057,7,38.5,1.9,42.6,100.3,2057
01/05/2058,04/05/2058,4,37.5,1.4,39.4,96.2,2058
07/05/2058,10/05/2058,4,38.6,1.8,39.8,97.8,2058
17/05/2058,19/05/2058,3,37.0,0.8,37.9,94.8,2058
22/05/2058,27/05/2058,6,37.4,1.6,39.9,96.4,2058
08/06/2058,12/06/2058,5,47.8,1.6,50.1,112.4,2058
11/07/2058,14/07/2058,4,45.6,0.5,46.2,121.3,2058
09/08/2058,12/08/2058,4,48.2,2.3,50.0,130.3,2058
23/08/2058,25/08/2058,3,46.9,1.9,48.3,130.6,2058
26/09/2058,30/09/2058,5,44.9,2.0,47.9,137.8,2058
12/04/2059,20/04/2059,9,37.5,2.4,43.3,95.9,2059
01/05/2059,05/05/2059,5,41.1,5.3,50.4,104.5,2059
07/05/2059,13/05/2059,7,38.6,4.2,44.9,97.6,2059
23/05/2059,27/05/2059,5,39.6,3.3,43.8,97.8,2059
03/06/2059,05/06/2059,3,45.4,1.1,46.6,111.0,2059
09/06/2059,13/06/2059,5,46.0,1.0,47.3,114.8,2059
06/07/2059,08/07/2059,3,46.2,1.0,46.8,125.1,2059
14/07/2059,18/07/2059,5,45.7,0.6,46.6,122.9,2059
10/08/2059,12/08/2059,3,46.0,1.5,47.4,120.3,2059
13/10/2059,17/10/2059,5,37.5,2.6,40.7,98.9,2059
22/10/2059,31/10/2059,10,37.5,1.2,39.5,100.4,2059
01/04/2060,03/04/2060,3,36.5,0.6,37.2,93.1,2060
23/05/2060,30/05/2060,8,37.7,1.9,41.8,96.1,2060
19/08/2060,29/08/2060,11,48.6,1.9,51.9,132.9,2060
05/10/2060,10/10/2060,6,37.9,2.4,41.0,101.0,2060
13/10/2060,31/10/2060,19,39.4,3.3,46.7,104.4,2060
05/04/2061,08/04/2061,4,37.7,1.7,39.8,95.7,2061
11/04/2061,13/04/2061,3,38.9,0.2,39.1,101.2,2061
15/05/2061,17/05/2061,3,47.5,1.3,48.7,114.9,2061
17/06/2061,21/06/2061,5,46.9,1.1,48.3,114.3,2061
25/06/2061,27/06/2061,3,46.3,1.2,47.6,112.3,2061
28/07/2061,30/07/2061,3,47.3,0.7,47.8,122.5,2061
04/08/2061,06/08/2061,3,47.5,1.8,48.5,135.6,2061
06/10/2061,08/10/2061,3,36.6,1.2,37.8,100.5,2061
23/03/2062,25/03/2062,3,37.9,2.5,40.3,106.0,2062
14/04/2062,20/04/2062,7,37.1,1.5,39.1,94.3,2062
04/05/2062,23/05/2062,20,40.3,2.7,45.0,100.8,2062
26/05/2062,28/05/2062,3,40.0,3.8,44.3,99.3,2062
06/07/2062,09/07/2062,4,46.4,0.7,47.2,134.1,2062
18/07/2062,20/07/2062,3,46.7,0.6,47.4,123.0,2062
01/08/2062,03/08/2062,3,47.9,1.0,48.7,130.3,2062
09/08/2062,12/08/2062,4,46.3,0.5,47.0,134.3,2062
16/08/2062,19/08/2062,4,49.3,1.7,51.7,133.3,2062
15/04/2063,17/04/2063,3,38.2,1.4,39.6,95.3,2063
10/05/2063,15/05/2063,6,38.3,1.8,39.9,97.7,2063
17/05/2063,23/05/2063,7,41.1,1.8,43.6,101.9,2063
04/06/2063,06/06/2063,3,45.5,0.6,46.2,113.1,2063
08/07/2063,14/07/2063,7,46.4,1.3,48.2,120.1,2063
23/07/2063,25/07/2063,3,47.0,0.5,47.4,121.1,2063
28/07/2063,30/07/2063,3,46.6,1.5,48.2,131.5,2063
25/08/2063,28/08/2063,4,48.2,2.0,50.8,132.3,2063
02/10/2063,06/10/2063,5,39.4,2.8,44.2,110.3,2063
10/10/2063,12/10/2063,3,38.8,1.4,39.7,105.0,2063
24/10/2063,31/10/2063,8,39.4,2.7,42.8,108.5,2063
04/04/2064,07/04/2064,4,36.4,1.0,37.3,94.1,2064
03/05/2064,10/05/2064,8,38.1,2.8,44.0,96.8,2064
12/05/2064,14/05/2064,3,38.0,0.7,38.6,95.3,2064
16/05/2064,25/05/2064,10,40.2,2.1,42.8,101.5,2064
04/07/2064,06/07/2064,3,46.1,0.8,46.8,124.3,2064
14/07/2064,18/07/2064,5,46.6,0.8,47.9,114.2,2064
20/07/2064,22/07/2064,3,46.4,0.8,47.3,118.7,2064
22/08/2064,29/08/2064,8,46.9,1.2,49.2,123.5,2064
10/10/2064,22/10/2064,13,37.7,2.1,43.2,103.6,2064
26/10/2064,30/10/2064,5,37.2,0.8,38.2,96.5,2064
02/04/2065,04/04/2065,3,38.7,1.6,39.7,97.0,2065
12/04/2065,17/04/2065,6,37.8,1.3,39.6,95.9,2065
01/05/2065,07/05/2065,7,39.7,2.6,43.4,100.7,2065
10/05/2065,17/05/2065,8,41.4,4.1,47.6,102.8,2065
19/05/2065,25/05/2065,7,37.6,2.0,41.7,95.6,2065
27/05/2065,05/06/2065,10,40.2,2.4,43.5,101.9,2065
19/06/2065,21/06/2065,3,46.9,1.5,48.6,114.1,2065
05/07/2065,07/07/2065,3,46.8,0.7,47.4,122.9,2065
30/07/2065,02/08/2065,4,47.6,1.9,49.4,137.1,2065
08/08/2065,11/08/2065,4,49.5,2.7,51.9,124.7,2065
05/10/2065,07/10/2065,3,36.5,1.1,37.5,103.0,2065
04/05/2066,23/05/2066,20,41.4,4.4,52.0,103.6,2066
26/05/2066,28/05/2066,3,40.6,3.9,44.7,102.4,2066
10/06/2066,15/06/2066,6,47.7,2.4,51.0,120.1,2066
23/06/2066,28/06/2066,6,48.2,2.0,51.5,124.9,2066
09/07/2066,11/07/2066,3,46.6,1.7,48.5,138.2,2066
13/09/2066,30/09/2066,18,43.3,2.3,46.6,121.1,2066
25/10/2066,31/10/2066,7,39.0,3.4,45.1,102.5,2066
12/03/2067,14/03/2067,3,40.3,3.9,43.3,103.9,2067
01/05/2067,04/05/2067,4,38.8,3.7,44.1,98.1,2067
06/05/2067,10/05/2067,5,39.2,3.4,42.7,97.9,2067
13/05/2067,23/05/2067,11,40.4,2.6,43.7,100.7,2067
02/06/2067,04/06/2067,3,45.6,0.6,46.2,114.7,2067
17/06/2067,22/06/2067,6,45.7,1.2,48.1,112.5,2067
28/06/2067,04/07/2067,7,47.2,1.2,48.8,113.6,2067
12/08/2067,14/08/2067,3,47.2,2.0,48.6,124.8,2067
15/10/2067,20/10/2067,6,37.6,1.3,39.9,100.0,2067
24/10/2067,01/11/2067,9,38.1,2.9,44.5,101.8,2067
02/05/2068,12/05/2068,11,42.9,3.6,48.3,106.0,2068
16/05/2068,21/05/2068,6,40.3,1.3,42.0,100.5,2068
01/07/2068,03/07/2068,3,45.9,0.5,46.5,137.5,2068
30/07/2068,01/08/2068,3,45.8,0.2,46.1,147.5,2068
06/08/2068,08/08/2068,3,47.7,0.9,48.8,135.0,2068
20/08/2068,25/08/2068,6,46.8,1.6,50.0,122.7,2068
11/10/2068,17/10/2068,7,38.6,1.6,40.4,103.8,2068
24/10/2068,31/10/2068,8,41.5,2.7,45.4,107.9,2068
06/05/2069,12/05/2069,7,40.0,2.6,44.3,100.1,2069
07/06/2069,13/06/2069,7,46.8,0.6,47.8,116.7,2069
18/06/2069,26/06/2069,9,48.8,2.2,52.9,118.3,2069
21/07/2069,24/07/2069,4,46.7,0.6,47.5,116.1,2069
09/10/2069,15/10/2069,7,37.9,2.6,42.6,97.4,2069
23/10/2069,27/10/2069,5,36.9,1.6,39.7,104.3,2069
17/03/2070,19/03/2070,3,39.1,4.1,43.4,118.3,2070
02/05/2070,05/05/2070,4,38.3,2.0,39.9,97.1,2070
09/05/2070,14/05/2070,6,37.5,2.2,40.8,94.9,2070
01/06/2070,03/06/2070,3,46.9,1.3,48.3,113.6,2070
16/06/2070,19/06/2070,4,48.6,1.4,50.5,119.4,2070
01/07/2070,06/07/2070,6,47.5,0.8,48.5,132.1,2070
16/07/2070,19/07/2070,4,46.1,0.5,46.5,129.4,2070
29/07/2070,31/07/2070,3,45.9,0.4,46.3,139.3,2070
23/10/2070,28/10/2070,6,37.1,2.7,42.0,99.9,2070
26/03/2071,29/03/2071,4,37.1,0.4,37.6,93.9,2071
27/04/2071,30/04/2071,4,39.5,1.8,41.1,98.6,2071
06/05/2071,08/05/2071,3,39.9,2.3,41.9,100.3,2071
10/05/2071,13/05/2071,4,40.6,3.4,45.7,103.1,2071
18/05/2071,28/05/2071,11,39.5,1.6,42.9,99.2,2071
08/06/2071,10/06/2071,3,46.1,1.4,47.7,117.1,2071
23/07/2071,26/07/2071,4,46.5,1.3,48.3,138.9,2071
29/07/2071,02/08/2071,5,47.0,1.1,48.4,131.4,2071
05/08/2071,10/08/2071,6,48.3,2.0,51.5,124.0,2071
15/03/2072,18/03/2072,4,46.0,4.2,50.8,112.8,2072
29/03/2072,01/04/2072,4,37.5,1.7,39.6,95.1,2072
18/04/2072,24/04/2072,7,37.7,1.7,40.8,97.2,2072
01/05/2072,03/05/2072,3,41.2,3.6,44.4,101.6,2072
05/05/2072,19/05/2072,15,42.1,4.0,51.7,104.6,2072
02/07/2072,04/07/2072,3,47.6,1.0,48.4,130.5,2072
07/07/2072,16/07/2072,10,47.6,1.6,50.2,127.2,2072
04/08/2072,07/08/2072,4,49.0,1.9,50.5,126.8,2072
29/10/2072,31/10/2072,3,39.9,3.0,42.9,108.5,2072
08/03/2073,10/03/2073,3,38.1,1.6,39.9,96.1,2073
20/03/2073,22/03/2073,3,38.9,2.2,40.6,104.3,2073
01/05/2073,10/05/2073,10,39.9,3.4,45.6,101.2,2073
12/05/2073,17/05/2073,6,38.5,3.2,44.8,99.1,2073
19/05/2073,26/05/2073,8,38.0,2.3,41.6,96.4,2073
04/06/2073,08/06/2073,5,46.3,0.8,47.5,114.9,2073
15/06/2073,18/06/2073,4,48.0,1.5,49.6,115.1,2073
23/06/2073,25/06/2073,3,47.0,1.0,47.6,122.7,2073
09/10/2073,18/10/2073,10,38.5,2.0,40.9,103.4,2073
01/04/2074,05/04/2074,5,37.0,1.7,39.3,94.5,2074
03/05/2074,14/05/2074,12,39.5,2.2,43.1,99.9,2074
16/05/2074,18/05/2074,3,39.7,2.3,41.4,101.1,2074
20/05/2074,22/05/2074,3,40.3,2.2,42.2,101.3,2074
24/05/2074,26/05/2074,3,37.1,0.8,37.7,94.5,2074
27/06/2074,29/06/2074,3,46.9,1.6,48.5,114.8,2074
02/07/2074,08/07/2074,7,46.9,1.2,48.3,137.6,2074
07/08/2074,11/08/2074,5,46.4,0.9,47.6,130.6,2074
01/03/2075,03/03/2075,3,37.2,2.1,39.7,104.5,2075
24/03/2075,26/03/2075,3,40.1,5.2,46.1,107.1,2075
01/04/2075,06/04/2075,6,37.1,0.9,38.1,95.1,2075
29/04/2075,02/05/2075,4,36.7,0.9,38.0,94.4,2075
04/05/2075,15/05/2075,12,40.8,2.5,45.0,101.9,2075
18/05/2075,22/05/2075,5,40.1,2.2,42.0,99.6,2075
04/06/2075,08/06/2075,5,47.3,0.8,48.7,117.7,2075
19/06/2075,21/06/2075,3,48.3,1.3,49.6,116.9,2075
28/06/2075,30/06/2075,3,48.2,0.4,48.5,122.5,2075
02/07/2075,04/07/2075,3,49.1,2.0,51.3,143.0,2075
06/08/2075,09/08/2075,4,46.7,0.1,46.8,127.9,2075
21/08/2075,24/08/2075,4,49.4,1.8,51.3,143.8,2075
11/10/2075,14/10/2075,4,37.9,2.3,40.6,102.5,2075
18/10/2075,27/10/2075,10,37.9,2.5,42.3,99.7,2075
23/03/2076,25/03/2076,3,36.8,1.8,38.8,93.9,2076
01/05/2076,10/05/2076,10,39.6,3.5,44.7,100.0,2076
13/05/2076,17/05/2076,5,39.6,2.0,43.0,100.5,2076
19/05/2076,21/05/2076,3,36.5,0.6,37.0,94.1,2076
03/07/2076,05/07/2076,3,47.1,1.0,48.1,129.5,2076
19/07/2076,21/07/2076,3,47.6,1.4,49.2,137.8,2076
01/03/2077,03/03/2077,3,40.4,5.5,46.6,107.4,2077
06/03/2077,08/03/2077,3,39.1,3.9,43.5,101.3,2077
02/04/2077,06/04/2077,5,36.2,0.8,37.6,92.9,2077
01/05/2077,03/05/2077,3,36.7,1.0,37.6,94.8,2077
05/05/2077,20/05/2077,16,38.8,2.3,43.0,98.5,2077
22/05/2077,28/05/2077,7,40.9,3.1,44.6,104.3,2077
05/06/2077,08/06/2077,4,48.3,1.3,49.7,117.9,2077
10/07/2077,12/07/2077,3,46.5,0.4,46.8,157.7,2077
28/07/2077,30/07/2077,3,46.5,0.8,47.4,117.1,2077
26/08/2077,28/08/2077,3,47.2,1.0,48.3,129.1,2077
04/03/2078,06/03/2078,3,39.5,3.6,42.2,97.2,2078
25/04/2078,28/04/2078,4,36.2,1.0,37.7,95.9,2078
07/05/2078,10/05/2078,4,37.2,1.1,38.6,96.6,2078
13/05/2078,23/05/2078,11,42.3,3.7,47.2,105.8,2078
14/06/2078,16/06/2078,3,47.3,0.9,48.3,116.7,2078
19/06/2078,21/06/2078,3,48.2,1.8,50.3,116.8,2078
05/07/2078,08/07/2078,4,47.0,1.1,48.4,126.4,2078
06/08/2078,09/08/2078,4,47.8,0.8,48.7,123.3,2078
06/10/2078,21/10/2078,16,39.5,2.7,44.9,106.1,2078
23/10/2078,31/10/2078,9,38.7,1.4,41.7,105.4,2078
25/04/2079,27/04/2079,3,38.1,1.5,39.8,96.8,2079
04/05/2079,10/05/2079,7,42.0,3.0,47.5,104.9,2079
12/05/2079,17/05/2079,6,39.3,2.4,43.6,98.5,2079
22/05/2079,24/05/2079,3,37.3,0.2,37.5,95.9,2079
06/06/2079,08/06/2079,3,48.3,2.0,50.2,118.7,2079
31/07/2079,04/08/2079,5,48.0,1.7,50.2,121.7,2079
11/08/2079,13/08/2079,3,47.2,1.7,49.2,124.1,2079
15/08/2079,17/08/2079,3,47.6,0.6,48.2,118.9,2079
24/08/2079,27/08/2079,4,48.2,1.3,49.4,129.3,2079
18/03/2080,21/03/2080,4,39.7,4.2,45.7,103.3,2080
16/04/2080,19/04/2080,4,38.0,1.0,39.2,97.3,2080
04/05/2080,19/05/2080,16,39.7,3.6,48.5,100.4,2080
12/06/2080,14/06/2080,3,46.2,0.2,46.3,117.2,2080
19/06/2080,22/06/2080,4,47.2,1.1,48.5,116.0,2080
24/07/2080,26/07/2080,3,47.8,0.8,48.5,134.4,2080
29/07/2080,31/07/2080,3,47.9,2.2,50.4,139.5,2080
19/08/2080,24/08/2080,6,49.9,1.6,52.2,126.9,2080
05/09/2080,07/09/2080,3,47.5,1.5,48.7,129.7,2080
05/10/2080,07/10/2080,3,36.8,0.8,37.5,103.4,2080
30/04/2081,08/05/2081,9,38.2,1.3,39.7,96.8,2081
03/06/2081,06/06/2081,4,48.5,1.2,49.8,123.4,2081
03/07/2081,06/07/2081,4,47.7,1.0,48.4,115.6,2081
08/08/2081,10/08/2081,3,47.8,1.2,48.7,129.3,2081
25/08/2081,28/08/2081,4,48.8,1.4,50.2,133.7,2081
12/10/2081,20/10/2081,9,38.6,1.7,41.7,103.0,2081
27/04/2082,01/05/2082,5,37.6,1.6,40.0,95.0,2082
05/05/2082,13/05/2082,9,39.2,3.2,45.1,100.6,2082
15/05/2082,24/05/2082,10,41.2,4.7,49.5,101.3,2082
11/06/2082,14/06/2082,4,49.4,1.2,50.4,121.6,2082
01/07/2082,07/07/2082,7,47.2,1.1,48.7,131.0,2082
15/07/2082,17/07/2082,3,46.6,0.5,47.1,114.6,2082
30/07/2082,02/08/2082,4,49.1,1.9,50.9,125.8,2082
05/08/2082,10/08/2082,6,48.9,2.5,51.7,121.0,2082
03/10/2082,07/10/2082,5,37.1,1.7,39.2,98.8,2082
11/10/2082,15/10/2082,5,37.0,1.0,38.6,100.4,2082
24/04/2083,30/04/2083,7,38.6,1.7,41.0,96.6,2083
05/05/2083,11/05/2083,7,39.1,2.9,44.4,99.9,2083
13/05/2083,17/05/2083,5,42.8,3.4,46.7,107.2,2083
23/05/2083,28/05/2083,6,39.7,3.0,45.0,100.8,2083
06/06/2083,09/06/2083,4,48.6,2.0,50.6,116.8,2083
25/06/2083,27/06/2083,3,46.5,0.9,47.5,115.7,2083
28/07/2083,03/08/2083,7,47.1,1.1,48.4,133.7,2083
11/08/2083,14/08/2083,4,48.1,1.8,49.7,134.8,2083
07/04/2084,10/04/2084,4,37.8,2.4,40.6,94.9,2084
30/04/2084,10/05/2084,11,39.8,3.4,45.8,101.1,2084
12/05/2084,30/05/2084,19,41.5,3.3,48.1,103.3,2084
01/06/2084,04/06/2084,4,47.8,1.3,48.7,116.4,2084
30/06/2084,05/07/2084,6,47.2,0.8,48.3,146.4,2084
26/07/2084,28/07/2084,3,47.6,0.8,48.4,117.3,2084
21/10/2084,31/10/2084,11,37.8,1.5,39.9,103.5,2084
05/05/2085,17/05/2085,13,40.1,3.1,46.3,101.4,2085
28/06/2085,03/07/2085,6,47.4,1.1,48.9,127.8,2085
26/07/2085,28/07/2085,3,47.1,0.6,47.8,113.5,2085
02/08/2085,07/08/2085,6,49.1,3.4,53.2,126.3,2085
10/08/2085,12/08/2085,3,46.8,0.6,47.4,128.7,2085
18/04/2086,22/04/2086,5,38.8,2.4,41.3,100.3,2086
01/05/2086,12/05/2086,12,40.3,3.5,47.1,101.5,2086
17/05/2086,23/05/2086,7,38.3,1.6,41.0,96.5,2086
18/06/2086,20/06/2086,3,46.8,1.0,47.9,115.4,2086
25/07/2086,31/07/2086,7,47.5,1.3,50.2,149.5,2086
10/10/2086,12/10/2086,3,37.4,2.4,40.0,96.6,2086
14/10/2086,16/10/2086,3,36.0,0.7,36.6,94.5,2086
22/10/2086,24/10/2086,3,38.1,2.0,39.4,100.3,2086
10/04/2087,12/04/2087,3,36.4,1.5,38.0,94.6,2087
01/05/2087,13/05/2087,13,39.9,4.5,49.5,99.4,2087
15/05/2087,26/05/2087,12,38.9,2.6,43.6,99.2,2087
17/06/2087,22/06/2087,6,47.5,1.6,50.6,129.2,2087
01/07/2087,04/07/2087,4,47.9,1.7,50.1,119.2,2087
14/07/2087,16/07/2087,3,47.6,1.4,49.2,137.3,2087
27/07/2087,31/07/2087,5,48.0,1.2,49.3,121.6,2087
13/04/2088,16/04/2088,4,37.7,0.6,38.6,95.1,2088
18/04/2088,21/04/2088,4,36.4,1.0,37.8,94.2,2088
04/05/2088,11/05/2088,8,38.9,2.1,41.7,99.9,2088
13/05/2088,15/05/2088,3,37.7,2.0,39.5,95.5,2088
17/05/2088,22/05/2088,6,39.1,2.5,43.6,99.6,2088
10/06/2088,15/06/2088,6,47.9,1.5,49.5,117.4,2088
21/07/2088,23/07/2088,3,45.9,0.4,46.2,119.1,2088
01/08/2088,03/08/2088,3,49.0,1.0,50.1,131.3,2088
06/08/2088,08/08/2088,3,46.7,1.3,48.2,144.2,2088
05/09/2088,07/09/2088,3,47.2,1.1,48.0,126.2,2088
19/10/2088,31/10/2088,13,39.6,1.9,42.6,103.5,2088
20/03/2089,22/03/2089,3,36.0,0.4,36.3,102.9,2089
01/05/2089,03/05/2089,3,40.2,3.1,43.8,100.6,2089
07/05/2089,14/05/2089,8,40.4,3.5,46.4,101.9,2089
18/05/2089,27/05/2089,10,38.9,4.3,47.5,99.0,2089
05/06/2089,07/06/2089,3,46.5,0.4,46.8,115.1,2089
11/07/2089,14/07/2089,4,46.8,0.5,47.5,117.1,2089
16/08/2089,20/08/2089,5,48.0,1.5,50.5,142.5,2089
12/10/2089,31/10/2089,20,38.7,1.7,41.8,101.5,2089
24/05/2090,27/05/2090,4,40.2,2.5,41.8,101.9,2090
05/06/2090,10/06/2090,6,48.1,1.0,49.6,115.6,2090
17/06/2090,19/06/2090,3,48.4,1.2,49.8,121.4,2090
18/08/2090,22/08/2090,5,47.0,0.2,47.2,125.7,2090
02/10/2090,06/10/2090,5,36.7,1.6,39.3,98.7,2090
17/04/2091,21/04/2091,5,38.3,2.4,42.4,97.2,2091
01/05/2091,03/05/2091,3,41.4,3.2,44.9,101.3,2091
09/05/2091,14/05/2091,6,39.9,2.6,43.4,98.9,2091
17/05/2091,21/05/2091,5,41.1,2.4,43.7,102.6,2091
16/06/2091,23/06/2091,8,47.7,0.7,49.0,117.9,2091
01/07/2091,03/07/2091,3,47.8,0.5,48.2,123.1,2091
06/07/2091,09/07/2091,4,48.1,0.7,49.0,123.6,2091
20/07/2091,22/07/2091,3,46.4,0.2,46.6,130.6,2091
24/07/2091,26/07/2091,3,47.5,0.9,48.3,124.0,2091
10/10/2091,26/10/2091,17,39.7,3.2,45.2,104.5,2091
01/03/2092,03/03/2092,3,35.6,0.8,36.6,95.5,2092
10/03/2092,12/03/2092,3,37.3,1.6,38.4,94.7,2092
04/04/2092,07/04/2092,4,38.0,1.1,39.0,97.3,2092
22/04/2092,25/04/2092,4,37.3,1.6,39.2,98.8,2092
02/05/2092,06/05/2092,5,39.2,3.2,43.3,98.8,2092
09/05/2092,11/05/2092,3,36.3,0.5,36.9,93.6,2092
14/05/2092,21/05/2092,8,38.5,2.3,42.2,97.9,2092
16/06/2092,23/06/2092,8,49.2,2.2,52.5,119.2,2092
30/06/2092,02/07/2092,3,46.4,0.4,46.7,125.7,2092
25/07/2092,27/07/2092,3,48.7,1.8,50.3,138.1,2092
13/08/2092,23/08/2092,11,48.0,1.3,49.7,129.9,2092
08/11/2092,10/11/2092,3,38.4,3.3,41.7,105.0,2092
11/03/2093,14/03/2093,4,39.2,3.0,42.4,100.6,2093
11/04/2093,16/04/2093,6,38.0,2.5,41.9,97.7,2093
22/04/2093,24/04/2093,3,37.8,2.6,40.8,94.9,2093
06/05/2093,09/05/2093,4,37.4,1.6,39.5,95.0,2093
12/05/2093,28/05/2093,17,38.1,2.6,44.1,96.8,2093
19/06/2093,21/06/2093,3,48.6,1.1,49.4,126.4,2093
27/06/2093,30/06/2093,4,48.0,1.3,49.4,118.2,2093
17/07/2093,19/07/2093,3,48.1,0.1,48.2,171.3,2093
09/08/2093,13/08/2093,5,48.4,1.1,49.4,132.6,2093
26/08/2093,28/08/2093,3,48.1,0.9,48.6,126.3,2093
02/10/2093,04/10/2093,3,47.5,0.9,48.3,125.1,2093
20/10/2093,27/10/2093,8,38.8,1.9,41.5,103.5,2093
01/05/2094,12/05/2094,12,40.6,2.3,44.2,101.0,2094
15/05/2094,18/05/2094,4,41.0,2.5,43.5,101.5,2094
20/05/2094,22/05/2094,3,38.3,1.6,39.9,97.4,2094
26/05/2094,28/05/2094,3,47.1,2.3,49.7,114.9,2094
23/06/2094,26/06/2094,4,47.3,1.4,49.4,126.2,2094
13/07/2094,17/07/2094,5,47.6,1.3,49.7,154.8,2094
31/08/2094,02/09/2094,3,46.8,1.3,48.1,124.4,2094
22/03/2095,26/03/2095,5,38.0,2.8,42.8,98.9,2095
01/05/2095,12/05/2095,12,40.1,3.1,46.0,100.9,2095
14/05/2095,21/05/2095,8,40.6,3.1,46.9,102.3,2095
25/05/2095,27/05/2095,3,38.6,2.7,41.7,98.7,2095
21/06/2095,24/06/2095,4,47.9,1.4,49.0,118.9,2095
02/07/2095,04/07/2095,3,47.2,1.3,48.2,121.3,2095
30/04/2096,02/05/2096,3,40.5,3.8,44.0,103.5,2096
06/05/2096,13/05/2096,8,37.2,2.3,41.5,95.0,2096
16/05/2096,19/05/2096,4,38.6,2.3,41.4,98.8,2096
25/06/2096,30/06/2096,6,47.9,0.7,48.7,116.0,2096
24/07/2096,27/07/2096,4,47.3,0.7,48.0,119.6,2096
06/08/2096,08/08/2096,3,51.2,3.0,54.0,127.8,2096
29/08/2096,31/08/2096,3,49.7,2.0,51.9,131.9,2096
12/09/2096,14/09/2096,3,47.6,1.2,48.7,121.4,2096
27/09/2096,29/09/2096,3,48.7,1.8,50.6,130.5,2096
22/10/2096,02/11/2096,12,38.7,2.3,42.6,104.7,2096
16/03/2097,19/03/2097,4,38.5,3.0,42.9,101.5,2097
13/04/2097,17/04/2097,5,37.8,2.1,41.5,96.7,2097
06/05/2097,09/05/2097,4,38.6,2.9,41.6,99.0,2097
24/06/2097,27/06/2097,4,51.4,1.1,52.4,120.5,2097
01/07/2097,08/07/2097,8,47.1,0.9,49.0,138.8,2097
23/07/2097,26/07/2097,4,47.5,0.5,47.9,127.7,2097
04/03/2098,11/03/2098,8,39.6,2.9,43.4,102.1,2098
21/04/2098,25/04/2098,5,39.5,2.3,42.6,98.3,2098
01/05/2098,09/05/2098,9,40.0,1.0,41.5,100.5,2098
12/05/2098,14/05/2098,3,38.8,0.3,39.1,98.8,2098
16/05/2098,18/05/2098,3,46.8,3.6,50.4,110.4,2098
23/05/2098,29/05/2098,7,37.8,2.6,43.2,96.3,2098
15/06/2098,20/06/2098,6,49.7,1.2,50.8,119.0,2098
27/08/2098,29/08/2098,3,47.8,1.4,49.4,130.6,2098
02/10/2098,04/10/2098,3,47.8,0.7,48.4,126.8,2098
07/11/2098,10/11/2098,4,38.1,1.7,40.0,104.1,2098
10/04/2099,17/04/2099,8,37.2,1.8,40.5,94.8,2099
23/04/2099,09/05/2099,17,38.7,2.2,42.9,97.3,2099
11/05/2099,14/05/2099,4,36.8,0.8,37.5,95.1,2099
23/05/2099,30/05/2099,8,39.5,3.1,45.6,100.1,2099
01/06/2099,06/06/2099,6,49.6,2.0,52.1,120.6,2099
20/06/2099,24/06/2099,5,47.8,1.0,49.1,119.6,2099
23/07/2099,27/07/2099,5,47.9,0.9,49.4,134.3,2099
14/08/2099,16/08/2099,3,47.7,0.4,48.0,134.1,2099
22/10/2099,31/10/2099,10,39.5,1.9,43.1,105.7,2099
06/04/2100,08/04/2100,3,37.4,0.5,37.7,93.8,2100
13/04/2100,17/04/2100,5,37.9,1.2,39.8,96.2,2100
30/04/2100,11/05/2100,12,38.9,2.5,44.5,98.2,2100
13/05/2100,24/05/2100,12,40.0,3.4,46.3,100.4,2100
07/06/2100,09/06/2100,3,50.6,1.9,51.8,125.3,2100
29/07/2100,31/07/2100,3,47.6,0.9,48.4,160.2,2100
24/08/2100,27/08/2100,4,49.4,1.4,50.6,134.5,2100
25/10/2100,31/10/2100,7,37.2,2.1,41.5,100.6,2100
